ID,Name,Email,Age,Country
1,Nbhfau,nbhfau@example.com,61,USA
2,Qquyzm,qquyzm@example.com,40,France
3,Ngqnbw,ngqnbw@example.com,21,India
4,Lqyjjo,lqyjjo@example.com,29,USA
5,Wvyoez,wvyoez@example.com,64,Brazil
6,Ivhavg,ivhavg@example.com,24,India
7,Oiqyve,oiqyve@example.com,31,Australia
8,Uodfzn,uodfzn@example.com,53,France
9,Iyhxai,iyhxai@example.com,18,Germany
10,Cdcrze,cdcrze@example.com,39,South Africa
11,Pebypl,pebypl@example.com,43,Brazil
12,Bykwam,bykwam@example.com,50,France
13,Yzuwnk,yzuwnk@example.com,43,Canada
14,Xucrpw,xucrpw@example.com,61,Australia
15,Wzaads,wzaads@example.com,63,Canada
16,Dunvlr,dunvlr@example.com,30,Australia
17,Nhqpdh,nhqpdh@example.com,61,Germany
18,Mzptkv,mzptkv@example.com,34,South Africa
19,Elrffv,elrffv@example.com,47,Brazil
20,Kwtmcc,kwtmcc@example.com,42,Germany
21,Urkhhu,urkhhu@example.com,64,Australia
22,Skojoc,skojoc@example.com,24,France
23,Xbibap,xbibap@example.com,33,USA
24,Ppdikp,ppdikp@example.com,59,India
25,Trfimf,trfimf@example.com,52,France
26,Swcdjt,swcdjt@example.com,63,Brazil
27,Omvjlf,omvjlf@example.com,30,UK
28,Isnvpe,isnvpe@example.com,52,UK
29,Xghvqo,xghvqo@example.com,37,Brazil
30,Lccybd,lccybd@example.com,55,France
31,Bgyxpc,bgyxpc@example.com,51,France
32,Jcifrp,jcifrp@example.com,19,UK
33,Ptkesk,ptkesk@example.com,51,Canada
34,Ysamtu,ysamtu@example.com,18,Canada
35,Eqmads,eqmads@example.com,33,Japan
36,Okxuah,okxuah@example.com,49,France
37,Rndtvy,rndtvy@example.com,55,Australia
38,Dqynsn,dqynsn@example.com,46,India
39,Aumqrc,aumqrc@example.com,54,Japan
40,Jraqqu,jraqqu@example.com,52,USA
41,Hwssxr,hwssxr@example.com,25,Brazil
42,Zlozdt,zlozdt@example.com,26,South Africa
43,Lfubvz,lfubvz@example.com,38,Canada
44,Jalysr,jalysr@example.com,23,France
45,Yjwnem,yjwnem@example.com,38,UK
46,Ehhvus,ehhvus@example.com,61,Brazil
47,Myudzv,myudzv@example.com,32,France
48,Euoinw,euoinw@example.com,42,France
49,Bxmnbr,bxmnbr@example.com,63,UK
50,Jgruhf,jgruhf@example.com,64,UK
